Student_ID,Study_Hours,Attendance,Previous_Marks,Assignments,Internal_Marks,Final_Result,Grade
STU1001,8.0,66.0,54.1,69.3,59.0,Pass,C
STU1002,6.8,65.6,51.9,65.7,53.0,Pass,C
STU1003,6.8,66.2,66.8,74.3,50.8,Pass,B
STU1004,7.2,77.8,96.1,88.4,71.8,Pass,A
STU1005,6.4,49.0,60.4,52.8,56.3,Pass,C
STU1006,6.1,68.0,47.1,67.6,47.0,Pass,C
STU1007,8.8,81.0,87.1,68.3,82.8,Pass,A
STU1008,7.6,67.0,60.7,72.8,68.1,Pass,B
STU1009,6.5,70.1,60.5,57.7,49.2,Pass,B
STU1010,6.1,80.9,64.8,76.1,65.1,Pass,B
STU1011,6.8,49.7,52.4,62.7,60.4,Pass,C
STU1012,5.6,57.3,62.3,47.7,56.3,Pass,C
STU1013,8.4,63.1,54.6,66.9,59.0,Pass,B
STU1014,3.0,45.0,21.5,37.5,33.4,Fail,Fail
STU1015,5.7,61.2,30.0,45.4,41.3,Fail,Fail
STU1016,5.5,61.6,58.8,53.0,47.8,Pass,C
STU1017,4.1,57.3,34.2,44.8,31.5,Fail,Fail
STU1018,5.9,52.6,44.9,73.6,71.3,Pass,B
STU1019,4.6,66.2,43.2,47.1,50.5,Fail,Fail
STU1020,4.7,45.2,42.7,45.6,42.4,Fail,Fail
STU1021,8.3,80.6,90.4,100.0,73.9,Pass,A+
STU1022,5.2,68.6,53.4,48.8,51.0,Pass,C
STU1023,6.1,80.8,58.1,51.2,60.5,Pass,B
STU1024,6.4,45.0,46.7,57.5,28.2,Fail,Fail
STU1025,7.1,45.0,38.7,57.2,63.3,Pass,C
STU1026,6.6,70.6,58.9,65.4,51.0,Pass,B
STU1027,4.7,74.7,44.1,42.8,42.1,Pass,C
STU1028,6.6,82.3,68.8,68.7,61.9,Pass,B
STU1029,5.9,64.9,47.4,71.2,60.8,Pass,C
STU1030,4.6,61.2,55.9,64.2,53.8,Pass,C
STU1031,5.0,70.3,33.6,62.6,44.5,Fail,Fail
STU1032,6.6,74.5,83.2,74.9,85.1,Pass,A
STU1033,6.4,72.2,63.0,56.8,64.0,Pass,B
STU1034,5.4,63.8,37.3,29.4,51.2,Fail,Fail
STU1035,6.5,84.3,72.8,68.7,74.5,Pass,B
STU1036,6.1,82.8,44.8,60.1,67.5,Pass,B
STU1037,5.0,73.3,60.7,68.3,76.5,Pass,B
STU1038,2.2,47.3,31.8,31.3,30.4,Fail,Fail
STU1039,4.6,56.8,33.3,46.7,54.6,Pass,C
STU1040,7.3,53.7,61.5,65.5,58.9,Pass,B
STU1041,8.6,67.8,75.3,82.2,68.1,Pass,A
STU1042,5.7,65.7,63.7,72.0,47.1,Pass,B
STU1043,6.9,62.3,54.2,53.6,54.3,Pass,B
STU1044,5.6,66.9,57.1,63.0,49.3,Pass,C
STU1045,4.1,48.4,42.8,51.2,45.6,Fail,Fail
STU1046,6.0,72.2,34.9,54.1,60.1,Pass,C
STU1047,6.1,64.2,61.2,66.1,38.4,Pass,C
STU1048,5.7,76.6,73.5,97.7,69.5,Pass,A
STU1049,7.9,67.9,68.1,73.5,68.9,Pass,B
STU1050,5.3,54.9,41.9,47.5,37.6,Fail,Fail
STU1051,5.8,78.1,55.3,61.9,68.5,Pass,B
STU1052,5.9,57.0,49.3,62.1,54.2,Pass,C
STU1053,5.7,56.5,47.8,60.7,51.4,Pass,C
STU1054,7.0,70.3,63.7,76.0,62.2,Pass,B
STU1055,6.7,64.4,87.6,69.8,57.9,Pass,B
STU1056,6.4,68.3,68.0,77.6,58.6,Pass,B
STU1057,5.0,56.8,43.5,64.9,52.6,Pass,C
STU1058,6.8,73.3,56.8,67.7,56.7,Pass,B
STU1059,6.9,73.1,56.6,78.9,61.3,Pass,A
STU1060,6.8,77.8,71.9,75.7,66.3,Pass,B
STU1061,6.2,71.7,55.0,66.6,52.5,Pass,B
STU1062,2.9,65.2,54.9,56.0,63.0,Pass,C
STU1063,5.8,62.4,42.8,45.2,44.3,Fail,Fail
STU1064,2.8,57.2,38.4,45.4,35.1,Fail,Fail
STU1065,6.6,77.1,61.6,67.4,72.8,Pass,B
STU1066,6.5,73.9,82.6,75.7,70.2,Pass,B
STU1067,4.6,45.5,71.2,61.6,51.9,Pass,C
STU1068,8.4,75.1,75.2,85.1,80.1,Pass,A
STU1069,6.0,83.8,67.0,59.3,65.1,Pass,B
STU1070,5.6,71.0,55.2,65.5,55.0,Pass,C
STU1071,6.4,79.7,56.5,74.6,55.9,Pass,B
STU1072,8.3,91.8,95.0,82.4,76.3,Pass,A
STU1073,6.0,68.5,60.9,52.3,62.1,Pass,B
STU1074,6.6,82.7,94.9,82.1,64.9,Pass,A
STU1075,3.9,45.0,20.0,27.6,30.1,Fail,Fail
STU1076,6.5,71.9,85.1,76.0,67.1,Pass,B
STU1077,4.5,74.3,66.7,58.5,60.6,Pass,C
STU1078,5.2,76.4,59.4,43.4,64.7,Pass,C
STU1079,7.6,67.5,63.0,67.7,61.0,Pass,B
STU1080,4.5,47.6,28.4,37.2,45.4,Fail,Fail
STU1081,5.4,66.2,65.1,66.0,48.6,Pass,B
STU1082,6.1,76.4,66.3,63.5,64.3,Pass,B
STU1083,7.5,67.2,68.4,98.4,71.7,Pass,A
STU1084,7.5,45.0,44.4,48.8,40.1,Fail,Fail
STU1085,5.4,56.4,46.6,65.2,54.5,Pass,C
STU1086,5.8,52.9,54.6,57.3,66.0,Pass,C
STU1087,8.1,71.0,73.3,87.8,66.9,Pass,B
STU1088,6.6,69.4,73.5,70.9,64.8,Pass,B
STU1089,5.1,59.6,38.4,65.9,51.7,Pass,C
STU1090,6.4,85.3,68.7,68.5,61.9,Pass,B
STU1091,6.0,71.7,48.7,57.2,47.1,Pass,C
STU1092,7.1,78.7,79.8,89.8,64.5,Pass,A
STU1093,5.9,67.8,48.8,56.4,41.9,Pass,C
STU1094,5.7,55.0,58.0,62.4,63.7,Pass,C
STU1095,6.3,74.1,48.1,71.7,55.2,Pass,B
STU1096,4.2,55.2,47.0,36.0,39.2,Fail,Fail
STU1097,6.4,76.5,71.7,74.1,69.0,Pass,B
STU1098,4.3,60.5,68.0,57.9,50.6,Pass,C
STU1099,6.9,54.1,59.2,66.7,49.2,Pass,C
STU1100,6.1,73.4,60.5,63.4,57.7,Pass,C
STU1101,5.3,59.7,33.8,36.0,50.4,Fail,Fail
STU1102,2.6,56.4,59.7,44.2,54.8,Pass,C
STU1103,7.7,57.3,66.4,77.3,54.0,Pass,B
STU1104,4.9,71.5,55.5,60.4,52.2,Pass,C
STU1105,6.9,56.0,52.5,65.5,56.4,Pass,C
STU1106,5.4,86.1,68.6,69.4,67.6,Pass,B
STU1107,8.9,75.5,79.2,91.2,69.6,Pass,A+
STU1108,5.2,75.2,66.6,75.3,61.7,Pass,B
STU1109,5.7,67.2,67.0,65.2,52.6,Pass,B
STU1110,7.8,72.8,45.8,71.5,59.1,Pass,B
STU1111,3.5,47.3,23.1,46.5,32.2,Fail,Fail
STU1112,6.2,66.3,57.6,59.1,75.1,Pass,C
STU1113,6.9,68.9,58.8,80.8,58.5,Pass,B
STU1114,9.3,78.2,86.5,87.2,71.7,Pass,A
STU1115,5.9,73.1,59.8,75.7,56.6,Pass,B
STU1116,6.7,65.9,66.3,67.3,63.8,Pass,B
STU1117,8.4,65.7,58.1,69.9,68.8,Pass,B
STU1118,4.5,49.4,37.2,33.1,38.7,Fail,Fail
STU1119,7.6,54.4,84.5,78.2,53.8,Pass,B
STU1120,8.0,72.5,82.9,70.6,71.6,Pass,B
STU1121,8.1,96.2,68.5,74.7,62.5,Pass,B
STU1122,6.1,67.6,42.1,54.7,46.7,Pass,C
STU1123,8.3,79.4,84.5,94.3,71.7,Pass,A
STU1124,3.2,54.1,36.5,43.5,41.4,Fail,Fail
STU1125,8.3,73.0,67.8,80.5,69.4,Pass,A
STU1126,7.5,91.0,98.0,83.7,78.7,Pass,A
STU1127,5.1,49.2,31.8,44.9,42.5,Fail,Fail
STU1128,4.6,73.4,60.7,69.2,54.2,Pass,B
STU1129,6.1,75.3,62.0,60.5,61.8,Pass,B
STU1130,5.7,70.3,49.6,72.1,54.7,Pass,C
STU1131,4.5,59.2,36.1,42.3,44.9,Fail,Fail
STU1132,6.5,68.7,60.8,67.2,64.7,Pass,B
STU1133,6.3,65.3,31.9,63.3,50.5,Pass,B
STU1134,7.0,77.2,77.6,83.1,67.7,Pass,A
STU1135,4.7,57.2,46.5,50.6,35.9,Fail,Fail
STU1136,8.8,75.6,86.4,86.6,74.2,Pass,A
STU1137,6.2,62.5,54.9,56.9,52.9,Pass,B
STU1138,4.4,79.3,48.0,59.5,63.0,Pass,C
STU1139,7.6,63.6,75.5,85.5,59.4,Pass,B
STU1140,5.2,45.0,39.7,49.7,36.6,Fail,Fail
STU1141,6.0,71.4,69.3,72.3,56.9,Pass,B
STU1142,8.9,79.2,64.7,100.0,76.3,Pass,A
STU1143,3.9,56.3,35.2,44.9,47.8,Fail,Fail
STU1144,6.3,71.7,58.5,70.3,57.7,Pass,B
STU1145,6.1,68.1,66.9,55.9,66.7,Pass,B
STU1146,7.0,87.9,75.0,55.2,70.9,Pass,B
STU1147,3.4,45.0,36.5,47.3,40.2,Fail,Fail
STU1148,3.0,49.6,35.2,41.4,40.0,Fail,Fail
STU1149,8.2,71.4,67.1,73.0,68.8,Pass,B
STU1150,5.5,55.7,58.2,68.6,59.9,Pass,B
STU1151,5.3,68.5,69.7,65.0,76.3,Pass,A
STU1152,4.3,85.8,62.6,72.6,59.6,Pass,B
STU1153,4.5,62.6,29.5,54.0,54.2,Fail,Fail
STU1154,5.0,72.0,60.9,58.5,57.4,Pass,C
STU1155,8.0,59.1,57.1,82.0,52.3,Pass,B
STU1156,6.2,56.6,37.9,56.4,48.6,Pass,C
STU1157,7.6,80.0,79.3,93.6,78.8,Pass,A
STU1158,8.8,69.0,67.9,74.6,82.9,Pass,B
STU1159,5.6,69.7,51.4,46.1,46.4,Pass,C
STU1160,6.5,78.4,72.0,74.1,58.6,Pass,B
STU1161,2.3,50.0,41.1,43.8,46.6,Fail,Fail
STU1162,9.2,76.7,75.0,86.7,52.7,Pass,A
STU1163,6.0,82.0,74.2,75.0,71.3,Pass,B
STU1164,3.4,71.5,42.8,33.9,51.6,Fail,Fail
STU1165,8.2,90.2,66.4,78.3,77.8,Pass,A
STU1166,8.9,62.3,53.9,84.4,67.1,Pass,B
STU1167,8.4,67.5,69.6,78.5,61.7,Pass,A
STU1168,8.8,72.3,89.6,91.3,75.1,Pass,A
STU1169,6.3,63.9,55.6,71.2,49.4,Pass,C
STU1170,5.9,66.0,45.8,51.1,42.8,Pass,C
STU1171,5.7,69.5,40.0,42.4,52.5,Fail,Fail
STU1172,5.3,60.6,52.0,53.0,39.9,Pass,C
STU1173,6.0,64.5,49.6,60.3,53.5,Pass,C
STU1174,6.3,72.2,70.5,61.8,55.2,Pass,C
STU1175,5.6,62.8,57.1,65.3,63.0,Pass,B
STU1176,6.7,93.6,67.1,79.7,84.5,Pass,A
STU1177,4.3,53.6,49.9,60.0,45.4,Fail,Fail
STU1178,7.6,81.7,78.3,87.5,61.5,Pass,B
STU1179,4.7,84.0,62.9,72.8,58.7,Pass,B
STU1180,7.7,87.3,98.6,91.9,83.9,Pass,A+
STU1181,6.9,71.5,76.2,76.5,66.0,Pass,A
STU1182,6.4,57.7,50.8,53.1,44.6,Pass,C
STU1183,5.6,57.5,36.2,45.8,44.3,Fail,Fail
STU1184,5.0,84.3,64.9,62.4,69.0,Pass,B
STU1185,4.7,46.2,51.2,54.9,57.8,Pass,C
STU1186,7.8,87.7,80.0,80.8,55.7,Pass,B
STU1187,5.6,59.1,58.7,87.6,57.5,Pass,B
STU1188,5.7,65.0,65.2,57.6,58.1,Pass,B
STU1189,5.5,57.2,53.5,51.3,41.3,Pass,C
STU1190,3.2,60.8,50.1,40.2,54.7,Pass,C
STU1191,5.6,49.9,50.4,62.3,45.0,Pass,C
STU1192,5.7,79.2,77.8,75.2,68.2,Pass,B
STU1193,5.7,88.0,79.2,76.6,68.8,Pass,B
STU1194,4.8,45.5,37.0,28.9,37.0,Fail,Fail
STU1195,4.6,71.1,51.9,43.5,47.4,Fail,Fail
STU1196,6.9,65.2,52.6,67.8,57.8,Pass,B
STU1197,4.9,64.5,51.7,61.2,56.4,Pass,C
STU1198,6.7,69.4,49.1,56.2,57.4,Pass,C
STU1199,6.3,62.7,58.3,42.5,51.3,Pass,C
STU1200,6.0,63.0,45.9,57.6,52.9,Pass,C
STU1201,6.6,87.2,66.7,72.5,63.7,Pass,B
STU1202,6.2,70.9,71.4,62.8,60.2,Pass,B
STU1203,7.4,83.4,77.8,72.7,72.6,Pass,A
STU1204,7.8,65.1,84.8,73.7,72.2,Pass,A
STU1205,4.4,48.0,32.7,46.6,57.3,Fail,Fail
STU1206,4.9,64.5,41.2,46.8,54.5,Pass,C
STU1207,5.9,85.6,62.3,74.1,75.2,Pass,B
STU1208,6.0,75.4,73.5,47.6,60.9,Pass,B
STU1209,5.2,69.4,74.0,61.2,55.8,Pass,B
STU1210,10.0,87.2,98.2,92.5,84.2,Pass,A+
STU1211,5.4,61.5,76.8,67.1,62.3,Pass,B
STU1212,6.7,82.8,68.8,74.7,64.4,Pass,B
STU1213,6.4,83.8,86.0,82.6,69.3,Pass,A
STU1214,7.7,69.3,80.4,62.1,67.0,Pass,B
STU1215,5.3,61.2,60.4,60.0,56.0,Pass,C
STU1216,8.2,76.7,83.9,84.0,70.5,Pass,B
STU1217,4.4,57.7,36.8,66.9,50.5,Pass,C
STU1218,6.0,65.5,52.8,58.7,51.7,Pass,C
STU1219,4.6,82.9,47.6,58.3,53.8,Pass,C
STU1220,8.2,66.5,66.3,58.0,50.0,Pass,B
STU1221,7.6,83.9,87.4,75.0,95.3,Pass,A+
STU1222,4.1,46.8,37.3,46.5,36.0,Fail,Fail
STU1223,7.5,80.4,79.9,76.7,65.7,Pass,B
STU1224,4.5,53.1,40.7,53.0,33.3,Pass,C
STU1225,5.2,58.3,54.9,46.7,71.9,Pass,C
STU1226,7.2,88.9,69.4,84.2,65.5,Pass,B
STU1227,6.1,81.3,55.0,80.9,58.9,Pass,B
STU1228,4.6,53.7,52.6,52.8,47.6,Pass,C
STU1229,6.1,45.3,54.7,60.0,50.1,Pass,C
STU1230,9.0,82.7,69.9,81.2,74.5,Pass,A
STU1231,4.6,55.8,46.1,40.6,61.0,Pass,C
STU1232,4.9,76.9,49.1,74.8,65.7,Pass,B
STU1233,6.0,50.6,53.2,60.6,46.7,Pass,C
STU1234,7.8,70.7,63.6,67.6,51.0,Pass,C
STU1235,7.8,74.8,83.2,80.4,81.2,Pass,A
STU1236,8.4,79.8,70.8,69.4,81.1,Pass,A
STU1237,5.2,51.4,36.7,52.8,25.8,Fail,Fail
STU1238,5.7,61.0,54.0,63.3,66.3,Pass,B
STU1239,5.8,58.9,51.4,69.1,51.0,Pass,C
STU1240,8.7,81.2,79.4,81.4,74.8,Pass,A
STU1241,4.7,62.4,48.2,38.0,48.8,Fail,Fail
STU1242,5.7,72.3,78.4,70.0,52.1,Pass,B
STU1243,6.0,90.0,55.9,65.6,73.3,Pass,B
STU1244,6.0,61.1,80.4,79.7,68.6,Pass,A
STU1245,3.9,72.7,40.8,46.3,55.2,Fail,Fail
STU1246,4.4,66.2,60.4,44.3,54.4,Pass,C
STU1247,5.5,56.0,56.0,59.8,46.5,Pass,C
STU1248,4.4,50.6,45.1,70.9,36.9,Pass,C
STU1249,8.4,80.9,88.1,94.7,82.8,Pass,A
STU1250,4.9,79.6,53.1,65.5,67.5,Pass,B
STU1251,4.8,56.4,45.3,56.8,37.0,Fail,Fail
STU1252,7.9,89.2,75.9,82.0,67.8,Pass,A
STU1253,6.6,72.4,96.3,90.8,74.9,Pass,A+
STU1254,7.6,76.4,82.9,71.9,59.0,Pass,B
STU1255,5.4,45.0,39.8,49.1,32.9,Fail,Fail
STU1256,4.2,67.3,53.8,62.8,45.5,Fail,Fail
STU1257,9.2,86.4,72.8,81.2,71.1,Pass,A
STU1258,5.6,58.4,44.4,67.8,44.1,Fail,Fail
STU1259,5.8,48.2,75.0,68.3,45.7,Pass,C
STU1260,6.9,76.2,81.7,68.7,81.2,Pass,B
STU1261,5.4,64.3,44.4,61.4,57.5,Pass,B
STU1262,6.0,71.1,59.4,62.1,52.8,Pass,B
STU1263,3.3,57.1,20.0,35.0,33.2,Fail,Fail
STU1264,3.9,49.9,52.8,45.6,47.2,Fail,Fail
STU1265,5.9,72.0,60.9,61.6,65.1,Pass,B
STU1266,3.1,68.4,54.9,47.1,41.1,Fail,Fail
STU1267,7.8,65.5,78.3,89.9,79.7,Pass,A
STU1268,3.4,59.1,35.9,26.2,39.1,Fail,Fail
STU1269,4.7,59.8,55.0,47.5,42.6,Pass,C
STU1270,7.4,68.3,66.5,78.0,64.3,Pass,B
STU1271,8.8,83.0,80.1,87.5,83.8,Pass,A
STU1272,4.9,51.8,32.4,42.4,59.1,Fail,Fail
STU1273,6.3,71.5,83.6,67.2,60.9,Pass,B
STU1274,5.7,68.4,65.2,55.6,63.1,Pass,C
STU1275,6.0,50.1,38.9,38.5,41.8,Fail,Fail
STU1276,6.7,62.0,76.4,71.1,66.1,Pass,B
STU1277,8.6,75.8,71.2,70.1,51.4,Pass,B
STU1278,5.7,52.7,51.9,50.1,39.9,Fail,Fail
STU1279,6.3,74.6,61.6,66.1,54.8,Pass,C
STU1280,5.2,69.0,58.1,61.5,55.3,Pass,C
STU1281,6.3,53.4,55.7,83.8,50.9,Pass,B
STU1282,6.6,67.4,70.1,61.7,68.4,Pass,B
STU1283,8.6,91.8,68.7,98.7,85.4,Pass,A+
STU1284,5.5,49.0,47.6,58.3,46.3,Pass,C
STU1285,7.8,81.4,81.1,86.6,91.9,Pass,A
STU1286,2.3,56.1,41.2,35.0,40.4,Fail,Fail
STU1287,4.0,73.8,55.4,53.7,49.6,Fail,Fail
STU1288,7.2,70.6,67.3,76.3,73.5,Pass,B
STU1289,5.2,64.9,59.8,77.6,55.5,Pass,B
STU1290,3.1,75.7,48.6,54.6,60.7,Pass,C
STU1291,6.1,81.9,66.8,67.2,70.6,Pass,B
STU1292,7.9,72.7,35.2,62.1,57.9,Pass,B
STU1293,5.3,63.9,60.1,44.8,41.2,Pass,C
STU1294,7.9,67.7,75.1,78.0,59.1,Pass,B
STU1295,6.5,63.5,56.9,79.9,69.3,Pass,B
STU1296,5.1,67.0,42.1,42.8,50.3,Pass,C
STU1297,8.0,79.2,85.2,72.0,69.5,Pass,B
STU1298,6.1,83.1,58.0,69.5,69.9,Pass,B
STU1299,7.2,80.6,64.1,69.3,73.3,Pass,B
STU1300,7.1,59.7,77.4,68.6,63.5,Pass,B
STU1301,4.3,70.6,49.9,47.8,49.7,Pass,C
STU1302,6.3,54.4,45.0,49.1,47.4,Fail,Fail
STU1303,6.7,70.7,72.7,67.2,71.4,Pass,B
STU1304,6.0,75.3,62.0,77.0,69.2,Pass,B
STU1305,6.5,85.8,67.4,55.8,60.5,Pass,C
STU1306,5.2,97.0,69.2,51.0,73.9,Pass,B
STU1307,7.6,84.0,82.9,78.2,72.6,Pass,A
STU1308,5.3,61.5,53.7,62.5,45.1,Pass,C
STU1309,7.7,77.3,80.5,74.3,59.9,Pass,B
STU1310,6.2,74.3,57.0,59.8,50.9,Pass,C
STU1311,5.7,63.3,48.5,62.2,53.0,Pass,C
STU1312,8.1,93.2,79.6,68.9,82.8,Pass,A+
STU1313,8.4,76.9,87.0,84.8,62.0,Pass,B
STU1314,7.5,79.2,65.1,81.1,69.4,Pass,A
STU1315,7.6,84.8,77.1,80.2,69.4,Pass,A
STU1316,4.7,72.0,63.2,69.4,57.4,Pass,B
STU1317,5.8,81.2,69.9,62.5,56.9,Pass,B
STU1318,5.3,59.9,48.5,68.7,51.6,Pass,C
STU1319,5.8,65.6,72.7,69.0,59.0,Pass,B
STU1320,5.7,57.0,74.3,60.0,57.9,Pass,B
STU1321,6.2,72.8,62.8,66.5,61.6,Pass,B
STU1322,7.2,79.9,62.6,74.0,57.9,Pass,B
STU1323,4.9,65.4,36.9,62.9,57.6,Pass,C
STU1324,9.0,100.0,93.2,87.4,86.3,Pass,A+
STU1325,4.9,59.6,52.6,45.0,48.2,Fail,Fail
STU1326,2.6,64.0,45.1,50.3,46.0,Fail,Fail
STU1327,6.5,67.7,77.4,73.9,64.7,Pass,B
STU1328,6.8,71.0,67.8,82.9,67.4,Pass,B
STU1329,5.5,79.4,61.7,83.6,69.8,Pass,A
STU1330,7.4,80.8,75.3,72.6,54.6,Pass,B
STU1331,7.5,65.3,66.2,74.8,53.4,Pass,B
STU1332,6.1,60.0,35.7,46.6,46.1,Fail,Fail
STU1333,5.9,55.0,72.3,71.5,57.2,Pass,B
STU1334,6.7,59.2,53.9,61.6,58.1,Pass,C
STU1335,7.3,84.1,84.4,82.9,65.4,Pass,A
STU1336,5.5,72.0,48.4,56.8,54.2,Pass,C
STU1337,4.4,65.7,38.1,38.2,46.4,Fail,Fail
STU1338,5.3,65.8,54.1,63.6,48.9,Pass,C
STU1339,6.1,71.5,69.7,53.1,60.2,Pass,B
STU1340,5.5,57.4,64.1,55.0,55.7,Pass,C
STU1341,5.2,67.5,52.6,61.5,43.1,Pass,C
STU1342,6.3,73.8,62.0,70.0,64.6,Pass,B
STU1343,6.7,74.4,56.5,85.3,49.9,Pass,B
STU1344,6.6,59.1,61.0,69.7,47.3,Pass,C
STU1345,6.4,45.0,46.2,56.0,45.7,Pass,C
STU1346,4.8,79.8,74.9,64.1,74.8,Pass,B
STU1347,1.7,51.7,36.3,36.5,39.0,Fail,Fail
STU1348,5.2,48.6,50.0,35.2,25.1,Fail,Fail
STU1349,3.8,68.3,54.0,43.3,37.6,Fail,Fail
STU1350,5.5,62.7,55.8,56.8,55.0,Pass,C
STU1351,5.2,80.1,61.0,49.6,68.1,Pass,B
STU1352,6.0,85.7,79.7,80.9,78.3,Pass,B
STU1353,7.6,81.2,75.9,76.8,70.2,Pass,B
STU1354,6.6,54.4,58.1,51.7,61.3,Pass,B
STU1355,5.4,78.8,55.6,66.2,56.8,Pass,C
STU1356,2.2,62.1,43.8,48.8,53.8,Fail,Fail
STU1357,5.4,64.5,60.3,64.8,45.5,Pass,B
STU1358,6.0,66.9,40.8,59.4,48.8,Fail,Fail
STU1359,4.9,54.7,68.0,69.8,44.9,Fail,Fail
STU1360,5.2,64.9,40.7,59.4,47.9,Fail,Fail
STU1361,6.6,63.0,59.7,74.7,61.1,Pass,B
STU1362,8.4,68.5,71.2,81.7,72.7,Pass,A
STU1363,6.0,53.4,45.8,66.1,53.8,Pass,C
STU1364,5.5,81.3,56.5,77.3,58.4,Pass,B
STU1365,8.0,68.0,65.4,73.5,62.9,Pass,B
STU1366,5.4,78.5,67.7,75.8,46.5,Pass,B
STU1367,6.2,65.0,59.7,63.7,68.8,Pass,B
STU1368,5.1,52.7,61.4,62.7,52.2,Fail,Fail
STU1369,5.7,58.8,64.3,59.7,53.2,Pass,C
STU1370,4.2,72.7,49.3,53.3,63.3,Pass,C
STU1371,5.9,66.8,59.8,51.0,49.2,Pass,C
STU1372,8.3,67.2,59.1,72.8,54.4,Pass,B
STU1373,6.4,81.4,91.9,72.7,66.7,Pass,A
STU1374,5.5,80.4,87.0,74.7,69.3,Pass,A
STU1375,10.0,95.8,80.5,100.0,87.4,Pass,A+
STU1376,4.9,74.7,41.3,58.8,57.9,Pass,C
STU1377,6.4,72.0,71.1,56.4,84.9,Pass,B
STU1378,7.3,57.6,56.0,87.2,41.3,Pass,B
STU1379,8.0,82.3,96.4,96.4,85.5,Pass,A+
STU1380,6.9,63.7,42.8,53.0,45.8,Pass,C
STU1381,5.7,52.4,62.6,56.5,42.4,Pass,B
STU1382,4.8,54.4,59.3,56.5,44.9,Fail,Fail
STU1383,5.6,53.6,29.6,36.2,28.9,Fail,Fail
STU1384,4.8,63.2,59.3,57.5,63.9,Pass,C
STU1385,5.8,62.0,56.4,51.6,55.6,Pass,C
STU1386,6.5,62.4,58.3,64.8,58.1,Pass,B
STU1387,7.7,68.7,59.4,68.2,70.7,Pass,B
STU1388,9.8,75.2,88.7,84.6,66.1,Pass,A
STU1389,7.2,83.9,80.3,79.7,61.2,Pass,A
STU1390,4.6,72.6,52.3,59.4,38.7,Pass,C
STU1391,5.4,45.0,35.5,57.9,39.3,Fail,Fail
STU1392,5.9,63.7,61.8,76.4,62.5,Pass,B
STU1393,6.4,45.0,39.7,54.9,41.1,Fail,Fail
STU1394,8.3,77.3,86.9,86.9,77.9,Pass,A
STU1395,7.1,77.0,91.5,87.4,61.0,Pass,B
STU1396,5.6,51.1,43.3,48.0,55.2,Pass,C
STU1397,2.6,45.6,37.8,29.6,38.7,Fail,Fail
STU1398,6.7,70.1,90.7,73.6,75.8,Pass,B
STU1399,7.1,68.9,74.2,75.7,43.9,Pass,B
STU1400,6.8,78.8,75.7,87.9,74.0,Pass,B
STU1401,3.0,48.4,39.5,43.2,30.4,Fail,Fail
STU1402,5.8,64.6,55.0,66.7,49.0,Pass,C
STU1403,7.2,63.1,61.4,61.6,60.6,Pass,B
STU1404,6.8,65.9,60.0,70.7,58.5,Pass,B
STU1405,6.5,79.3,56.3,60.8,50.8,Pass,B
STU1406,6.0,85.2,51.6,78.3,67.9,Pass,B
STU1407,3.3,47.5,48.8,44.8,32.5,Fail,Fail
STU1408,7.3,74.3,58.7,64.3,66.3,Pass,B
STU1409,5.8,76.3,60.2,70.0,59.7,Pass,B
STU1410,6.4,61.9,82.0,78.6,68.9,Pass,B
STU1411,8.2,81.2,65.9,73.7,64.0,Pass,B
STU1412,5.2,72.6,40.3,50.3,45.4,Fail,Fail
STU1413,4.6,45.2,50.9,36.2,33.1,Fail,Fail
STU1414,9.7,70.3,73.3,69.5,76.2,Pass,A
STU1415,5.8,79.9,61.1,69.5,59.0,Pass,B
STU1416,6.0,64.3,47.7,62.0,54.9,Pass,C
STU1417,7.9,85.8,89.2,89.1,73.7,Pass,A
STU1418,6.4,72.0,63.2,51.8,46.2,Pass,B
STU1419,8.9,81.2,68.6,83.3,67.9,Pass,A
STU1420,6.6,56.6,57.3,49.8,47.5,Pass,C
STU1421,9.0,94.4,86.7,100.0,83.4,Pass,A+
STU1422,9.2,93.0,85.8,84.3,71.7,Pass,A
STU1423,5.3,63.9,59.2,70.3,61.2,Pass,B
STU1424,6.3,75.6,77.5,83.7,68.0,Pass,B
STU1425,5.7,59.5,57.2,63.7,60.4,Pass,C
STU1426,5.7,83.9,88.0,69.4,78.9,Pass,A
STU1427,6.9,65.2,47.3,60.4,55.4,Pass,C
STU1428,5.7,73.1,80.0,64.5,65.3,Pass,B
STU1429,7.0,86.9,79.0,79.9,66.9,Pass,A
STU1430,3.6,50.5,41.3,35.5,25.4,Fail,Fail
STU1431,4.9,63.3,45.5,35.0,41.4,Fail,Fail
STU1432,4.4,45.0,38.8,20.9,29.6,Fail,Fail
STU1433,6.5,65.6,59.6,65.5,55.7,Pass,C
STU1434,6.3,72.4,70.1,68.9,63.1,Pass,B
STU1435,7.6,82.4,98.4,81.2,79.9,Pass,A+
STU1436,6.4,65.3,67.3,72.5,53.7,Pass,B
STU1437,7.7,80.3,88.4,96.6,75.3,Pass,A
STU1438,6.0,64.0,30.4,48.3,52.9,Fail,Fail
STU1439,4.4,50.0,25.4,39.6,40.6,Fail,Fail
STU1440,6.7,53.1,61.2,70.5,53.4,Pass,B
STU1441,7.1,86.9,66.8,61.5,62.0,Pass,B
STU1442,7.1,80.2,55.2,69.7,56.3,Pass,B
STU1443,3.7,45.0,30.0,40.8,27.7,Fail,Fail
STU1444,4.6,73.5,69.8,65.3,54.8,Pass,B
STU1445,4.8,52.7,45.3,32.2,47.7,Fail,Fail
STU1446,6.2,75.9,62.1,66.5,64.4,Pass,B
STU1447,5.9,73.7,64.7,61.5,53.3,Pass,C
STU1448,5.5,58.1,40.3,54.4,59.4,Pass,C
STU1449,6.6,56.7,49.6,65.3,52.8,Fail,Fail
STU1450,4.8,53.0,41.2,62.3,34.9,Fail,Fail
STU1451,6.2,59.2,55.7,61.0,52.1,Pass,C
STU1452,8.8,68.4,65.5,79.4,67.5,Pass,A
STU1453,5.1,59.3,44.3,61.1,58.9,Pass,C
STU1454,9.2,65.7,63.6,82.3,54.2,Pass,B
STU1455,5.9,69.8,31.5,69.3,60.5,Pass,C
STU1456,3.3,74.8,62.5,50.9,62.4,Pass,C
STU1457,6.6,61.9,66.0,56.4,51.1,Pass,C
STU1458,5.1,61.6,41.8,40.8,45.1,Pass,C
STU1459,6.6,67.9,51.8,48.6,45.7,Pass,C
STU1460,5.2,62.4,33.8,55.3,44.4,Fail,Fail
STU1461,8.2,84.9,100.0,100.0,79.7,Pass,A+
STU1462,4.8,75.0,73.8,76.6,64.7,Pass,B
STU1463,5.0,66.6,50.6,61.4,59.0,Pass,C
STU1464,5.4,58.6,70.4,74.7,52.3,Pass,B
STU1465,5.3,74.9,59.5,57.1,44.9,Pass,C
STU1466,6.3,74.2,47.3,54.3,57.4,Pass,B
STU1467,8.4,66.2,66.3,85.4,65.1,Pass,B
STU1468,7.3,74.6,72.3,80.2,68.2,Pass,B
STU1469,4.2,69.8,48.9,54.9,51.4,Pass,C
STU1470,5.8,61.4,49.8,61.5,52.0,Pass,C
STU1471,6.9,75.4,55.2,67.4,68.0,Pass,B
STU1472,2.6,70.3,24.9,40.9,40.5,Fail,Fail
STU1473,4.0,48.4,37.6,53.5,36.8,Fail,Fail
STU1474,7.7,66.8,73.1,88.8,66.5,Pass,B
STU1475,7.2,84.3,79.7,92.6,75.7,Pass,B
STU1476,6.3,72.4,47.3,67.4,68.3,Pass,B
STU1477,6.6,70.7,75.5,69.2,62.6,Pass,B
STU1478,6.8,83.6,49.9,76.7,64.6,Pass,B
STU1479,7.9,75.2,100.0,84.0,77.4,Pass,A
STU1480,6.9,83.5,86.5,87.9,79.6,Pass,A
STU1481,6.6,61.5,56.0,55.9,68.9,Pass,B
STU1482,4.5,75.6,27.4,52.8,54.5,Fail,Fail
STU1483,5.8,72.7,33.4,40.8,45.3,Fail,Fail
STU1484,5.8,62.8,62.6,71.0,58.8,Pass,B
STU1485,5.3,56.8,41.6,54.7,31.7,Fail,Fail
STU1486,5.2,64.0,35.1,34.9,49.4,Pass,C
STU1487,3.8,59.2,61.0,55.0,50.9,Pass,C
STU1488,2.9,58.7,48.4,39.7,48.9,Fail,Fail
STU1489,6.5,82.1,78.8,91.3,71.7,Pass,A
STU1490,8.3,58.0,62.0,81.2,60.7,Pass,B
STU1491,5.4,67.8,57.6,66.3,55.0,Pass,B
STU1492,10.0,74.0,80.7,84.9,80.0,Pass,A
STU1493,5.5,64.2,64.6,59.6,55.1,Pass,B
STU1494,5.2,73.9,43.3,49.9,66.3,Pass,C
STU1495,9.4,69.3,86.4,98.0,75.0,Pass,A
STU1496,8.7,79.8,81.6,92.2,56.9,Pass,A
STU1497,6.8,56.9,50.1,50.1,45.0,Pass,C
STU1498,7.0,63.9,56.8,74.6,50.7,Pass,B
STU1499,6.0,67.9,45.6,38.4,34.7,Fail,Fail
STU1500,4.9,59.7,36.8,37.6,54.7,Fail,Fail
STU1501,7.9,80.8,82.2,72.8,74.5,Pass,A
STU1502,7.7,92.5,84.3,79.3,85.0,Pass,A
STU1503,3.5,53.5,39.3,30.1,42.9,Fail,Fail
STU1504,6.7,67.1,68.8,76.3,53.2,Pass,B
STU1505,5.0,52.9,46.7,53.5,45.0,Pass,C
STU1506,5.0,56.6,43.1,59.9,56.7,Pass,C
STU1507,6.0,89.7,53.4,64.3,50.7,Pass,B
STU1508,5.9,72.1,46.6,57.8,33.5,Pass,C
STU1509,6.1,56.2,64.2,71.1,53.9,Pass,C
STU1510,6.5,49.2,43.8,57.2,44.8,Pass,C
STU1511,5.2,74.6,72.6,55.9,63.0,Pass,B
STU1512,5.7,72.5,53.1,72.0,63.8,Pass,B
STU1513,5.0,71.0,68.4,54.8,61.1,Pass,C
STU1514,3.0,58.2,34.2,39.0,49.2,Fail,Fail
STU1515,5.2,62.1,54.4,55.1,59.7,Pass,C
STU1516,6.8,77.2,74.7,68.0,56.5,Pass,B
STU1517,8.1,72.9,61.9,73.2,67.3,Pass,A
STU1518,5.5,45.0,48.3,56.0,47.8,Pass,C
STU1519,5.1,66.8,70.4,66.1,49.9,Pass,C
STU1520,8.8,66.5,55.8,74.1,53.9,Pass,B
STU1521,5.2,55.8,38.5,41.2,34.7,Fail,Fail
STU1522,7.2,99.4,50.7,82.9,66.1,Pass,B
STU1523,5.0,65.8,43.3,59.0,56.8,Pass,C
STU1524,5.7,69.9,80.0,86.7,59.3,Pass,B
STU1525,4.7,70.0,44.5,62.5,45.6,Pass,C
STU1526,4.9,57.5,24.7,51.9,34.8,Fail,Fail
STU1527,5.9,58.4,34.2,36.5,48.8,Fail,Fail
STU1528,7.6,73.9,75.2,76.4,60.0,Pass,B
STU1529,5.8,88.7,51.1,66.7,64.3,Pass,B
STU1530,3.8,50.4,39.1,44.5,44.7,Fail,Fail
STU1531,6.9,77.5,80.1,75.7,75.2,Pass,A
STU1532,2.2,46.0,48.1,43.7,32.3,Fail,Fail
STU1533,6.2,72.5,58.3,68.9,67.7,Pass,B
STU1534,4.4,49.7,33.2,40.5,44.0,Fail,Fail
STU1535,4.8,58.9,64.9,60.5,48.7,Pass,C
STU1536,4.5,65.7,71.9,55.9,75.4,Pass,B
STU1537,5.5,69.7,51.8,56.2,43.3,Fail,Fail
STU1538,5.0,73.1,48.5,55.5,53.3,Pass,C
STU1539,6.0,65.1,74.8,73.8,57.7,Pass,B
STU1540,2.4,63.7,50.2,54.3,58.4,Fail,Fail
STU1541,7.0,68.5,74.9,68.5,77.5,Pass,B
STU1542,6.4,47.4,53.2,69.9,54.4,Fail,Fail
STU1543,8.3,70.4,74.1,62.9,71.9,Pass,B
STU1544,7.3,77.1,74.1,79.3,71.9,Pass,B
STU1545,2.4,69.4,32.6,31.2,33.5,Fail,Fail
STU1546,5.5,65.3,50.2,59.8,38.5,Pass,C
STU1547,5.7,60.4,73.5,69.4,75.5,Pass,B
STU1548,6.1,61.2,67.2,62.7,57.8,Pass,C
STU1549,7.2,80.3,57.8,75.8,61.0,Pass,B
STU1550,6.5,81.8,50.7,58.3,65.3,Pass,B
STU1551,6.0,54.4,57.6,77.1,48.6,Pass,C
STU1552,5.6,49.8,46.7,68.9,54.9,Pass,C
STU1553,6.5,94.5,79.9,85.7,73.9,Pass,A
STU1554,5.5,73.6,81.4,58.4,66.2,Pass,B
STU1555,6.2,63.0,52.2,68.5,59.3,Pass,C
STU1556,5.9,69.4,53.6,58.0,44.5,Fail,Fail
STU1557,6.3,45.0,57.2,52.7,48.4,Pass,C
STU1558,4.7,64.5,54.4,59.4,60.6,Pass,B
STU1559,8.0,74.2,65.1,70.8,62.9,Pass,B
STU1560,5.2,72.8,44.6,63.4,60.8,Pass,B
STU1561,6.3,61.3,66.0,60.4,51.6,Pass,C
STU1562,7.7,85.9,85.8,100.0,81.0,Pass,A+
STU1563,4.6,66.9,57.7,62.8,61.2,Pass,C
STU1564,6.5,67.6,63.5,64.8,60.2,Pass,B
STU1565,8.2,69.9,84.7,90.5,69.5,Pass,A
STU1566,5.2,61.0,54.2,53.8,57.4,Pass,C
STU1567,3.6,45.0,31.0,43.2,41.5,Fail,Fail
STU1568,5.3,65.5,52.4,42.5,53.1,Pass,C
STU1569,2.2,60.3,33.5,45.6,41.1,Fail,Fail
STU1570,5.0,63.0,61.1,58.4,46.6,Pass,B
STU1571,6.8,68.5,58.2,62.8,58.3,Pass,B
STU1572,6.8,68.8,94.3,82.6,69.6,Pass,B
STU1573,6.7,68.0,67.1,77.0,58.5,Pass,A
STU1574,4.4,65.7,58.1,53.2,52.8,Pass,C
STU1575,7.5,98.4,63.6,72.2,66.2,Pass,B
STU1576,3.3,45.0,28.8,31.9,20.0,Fail,Fail
STU1577,4.7,83.1,57.7,54.2,59.2,Pass,C
STU1578,8.1,83.3,67.1,94.0,70.1,Pass,B
STU1579,3.5,58.3,32.1,37.4,32.8,Fail,Fail
STU1580,6.6,93.3,69.7,85.5,74.7,Pass,B
STU1581,6.6,74.1,80.0,72.0,75.9,Pass,B
STU1582,6.7,68.1,63.1,54.9,61.4,Pass,B
STU1583,5.7,72.7,82.9,70.7,76.4,Pass,B
STU1584,8.8,97.7,85.5,100.0,88.6,Pass,A+
STU1585,6.6,79.4,63.2,67.2,70.7,Pass,A
STU1586,7.0,64.4,54.7,80.2,54.3,Pass,B
STU1587,5.6,52.3,48.2,67.1,45.4,Pass,C
STU1588,4.6,59.2,40.8,59.2,29.0,Fail,Fail
STU1589,6.2,67.6,81.1,70.6,73.7,Pass,B
STU1590,5.1,60.4,44.4,44.7,59.2,Pass,C
STU1591,5.0,79.7,68.6,57.8,57.7,Pass,B
STU1592,2.5,59.9,57.1,51.1,49.9,Fail,Fail
STU1593,7.0,71.6,83.3,77.4,57.9,Pass,A
STU1594,7.3,71.3,54.6,55.0,64.5,Pass,C
STU1595,4.9,84.2,84.4,72.5,79.3,Pass,B
STU1596,4.4,45.0,60.4,56.1,35.5,Pass,C
STU1597,6.3,60.3,49.1,60.8,56.5,Pass,C
STU1598,6.9,61.8,52.4,67.8,45.7,Pass,C
STU1599,5.5,75.1,55.7,62.2,56.6,Pass,C
STU1600,5.7,66.7,64.1,78.5,64.3,Pass,B
STU1601,6.7,57.4,65.6,73.3,60.8,Pass,C
STU1602,6.3,66.0,41.1,63.7,48.5,Pass,C
STU1603,6.4,69.5,87.4,88.4,64.7,Pass,A
STU1604,6.8,68.5,80.3,92.1,77.1,Pass,A
STU1605,6.0,65.8,71.7,60.6,64.1,Pass,B
STU1606,7.3,81.8,82.6,86.6,79.9,Pass,B
STU1607,5.2,56.2,42.9,51.7,39.2,Fail,Fail
STU1608,6.1,45.0,48.9,56.1,38.4,Fail,Fail
STU1609,4.2,61.4,23.9,46.4,46.6,Fail,Fail
STU1610,7.5,91.8,79.5,78.5,77.7,Pass,A
STU1611,6.5,79.3,70.1,73.9,71.3,Pass,B
STU1612,4.4,57.3,59.9,43.5,67.2,Pass,C
STU1613,7.2,68.5,62.9,83.1,67.9,Pass,B
STU1614,4.6,58.7,45.9,44.9,46.2,Pass,C
STU1615,8.6,92.6,99.8,97.7,81.6,Pass,A+
STU1616,9.3,75.1,67.1,73.8,43.1,Pass,B
STU1617,6.4,62.3,54.7,76.5,56.4,Pass,B
STU1618,6.1,74.7,68.9,50.2,63.9,Pass,B
STU1619,6.2,76.1,75.6,70.5,67.1,Pass,B
STU1620,7.4,82.9,69.6,70.7,62.7,Pass,B
STU1621,5.2,67.8,38.5,50.7,48.6,Fail,Fail
STU1622,5.1,79.0,69.5,81.1,52.5,Pass,B
STU1623,9.2,84.3,74.4,87.3,72.4,Pass,A
STU1624,6.9,91.8,80.5,88.0,79.4,Pass,A
STU1625,9.8,84.8,97.2,96.0,88.6,Pass,A+
STU1626,6.5,56.0,45.7,71.2,49.7,Fail,Fail
STU1627,4.4,72.5,39.3,44.5,52.5,Pass,C
STU1628,7.1,73.2,63.5,61.1,64.8,Pass,B
STU1629,6.1,64.5,50.0,74.7,52.0,Pass,C
STU1630,8.2,72.7,72.0,86.5,71.6,Pass,A
STU1631,4.5,56.7,38.8,30.4,34.8,Fail,Fail
STU1632,7.0,84.8,78.5,79.7,82.0,Pass,A
STU1633,5.2,68.5,56.0,64.0,57.8,Pass,C
STU1634,6.5,67.3,58.8,68.7,56.1,Pass,C
STU1635,4.5,74.9,47.8,44.4,45.1,Fail,Fail
STU1636,3.6,64.0,37.0,20.0,47.1,Fail,Fail
STU1637,6.0,76.5,70.0,77.8,82.1,Pass,A
STU1638,6.5,77.1,63.7,57.5,53.9,Pass,C
STU1639,6.5,48.1,39.8,36.8,39.0,Fail,Fail
STU1640,3.4,60.9,43.8,20.9,46.2,Fail,Fail
STU1641,5.6,81.5,51.5,66.8,63.9,Pass,C
STU1642,9.4,79.8,83.8,93.8,72.1,Pass,A+
STU1643,5.6,58.2,49.2,59.3,33.4,Fail,Fail
STU1644,4.6,49.7,37.2,56.1,49.4,Fail,Fail
STU1645,4.6,56.2,50.6,63.3,58.2,Pass,C
STU1646,6.1,58.7,48.1,75.4,41.0,Pass,B
STU1647,2.6,45.0,21.8,20.0,24.0,Fail,Fail
STU1648,6.9,54.9,60.7,66.9,65.2,Pass,C
STU1649,6.9,66.2,62.0,52.3,65.6,Pass,B
STU1650,9.4,81.9,67.4,80.7,74.3,Pass,A
STU1651,8.8,75.1,90.6,90.8,75.2,Pass,A+
STU1652,7.7,91.0,80.8,86.9,74.5,Pass,A
STU1653,5.9,70.4,59.1,62.2,55.3,Pass,C
STU1654,4.3,68.1,37.6,53.3,56.0,Pass,C
STU1655,9.1,81.3,96.0,100.0,76.2,Pass,A+
STU1656,5.8,76.2,63.4,82.3,54.9,Pass,B
STU1657,6.2,58.3,60.3,63.2,62.8,Pass,C
STU1658,7.3,75.8,45.0,61.1,59.4,Pass,B
STU1659,5.2,71.2,64.1,66.6,70.2,Pass,B
STU1660,7.0,71.8,73.3,60.1,53.0,Pass,B
STU1661,6.6,52.7,48.9,72.6,48.6,Pass,B
STU1662,5.2,55.4,46.7,54.6,43.5,Fail,Fail
STU1663,3.8,73.1,62.1,53.5,59.0,Pass,B
STU1664,4.7,55.0,54.0,51.6,39.5,Fail,Fail
STU1665,6.4,66.3,57.7,64.5,47.7,Pass,C
STU1666,6.1,56.6,52.8,65.2,46.1,Pass,C
STU1667,4.7,73.5,61.3,53.3,61.9,Pass,C
STU1668,7.3,69.3,86.7,98.0,76.9,Pass,A
STU1669,3.7,51.1,20.0,23.4,20.0,Fail,Fail
STU1670,7.9,82.6,78.7,82.4,80.8,Pass,A
STU1671,7.3,72.0,85.9,87.2,87.7,Pass,A
STU1672,3.1,56.1,35.0,21.5,36.7,Fail,Fail
STU1673,5.2,67.5,46.9,62.8,50.3,Pass,C
STU1674,4.6,60.1,60.2,48.5,72.5,Pass,C
STU1675,5.9,47.3,38.4,56.5,30.9,Fail,Fail
STU1676,4.7,45.0,48.8,45.2,45.4,Fail,Fail
STU1677,5.9,62.0,43.9,58.6,47.8,Pass,C
STU1678,9.6,68.4,85.2,100.0,83.3,Pass,A
STU1679,8.1,76.6,82.4,88.0,71.1,Pass,A
STU1680,7.1,76.1,78.5,83.7,68.0,Pass,B
STU1681,7.3,80.1,63.0,74.6,60.9,Pass,B
STU1682,4.6,56.0,40.3,44.3,42.4,Fail,Fail
STU1683,4.5,60.7,53.4,66.8,44.4,Pass,C
STU1684,6.9,78.6,75.9,67.2,65.4,Pass,B
STU1685,3.4,60.9,45.9,36.1,41.3,Fail,Fail
STU1686,8.0,76.7,64.7,83.8,56.1,Pass,B
STU1687,5.2,70.2,73.8,53.7,65.2,Pass,B
STU1688,5.8,51.1,56.2,52.9,46.9,Fail,Fail
STU1689,7.1,80.7,79.6,64.2,58.7,Pass,B
STU1690,6.3,77.2,65.6,66.7,63.1,Pass,B
STU1691,6.2,55.9,58.3,61.1,52.2,Pass,C
STU1692,6.9,75.4,83.3,81.8,58.1,Pass,B
STU1693,5.6,58.7,52.3,60.1,48.3,Pass,C
STU1694,5.4,71.9,76.6,73.9,57.2,Pass,B
STU1695,6.8,75.9,75.0,72.1,77.3,Pass,A
STU1696,7.6,78.3,53.2,65.0,61.5,Pass,B
STU1697,5.4,80.4,60.9,70.7,61.2,Pass,B
STU1698,3.8,45.9,43.6,55.4,36.0,Fail,Fail
STU1699,7.6,81.2,80.4,80.5,68.9,Pass,B
STU1700,6.0,78.4,55.7,59.3,63.2,Pass,C
STU1701,5.7,67.2,59.6,50.7,52.9,Pass,B
STU1702,7.7,86.5,85.9,69.6,70.5,Pass,A
STU1703,5.8,80.3,43.0,62.3,55.1,Fail,Fail
STU1704,5.4,65.6,33.0,53.0,40.5,Fail,Fail
STU1705,4.5,57.4,35.7,48.8,38.9,Fail,Fail
STU1706,6.5,82.4,71.2,71.8,52.5,Pass,B
STU1707,5.1,58.7,37.1,60.1,51.0,Fail,Fail
STU1708,10.0,82.7,95.8,91.6,79.6,Pass,A+
STU1709,3.4,47.7,31.7,43.0,28.8,Fail,Fail
STU1710,7.1,96.1,85.7,85.8,93.6,Pass,A+
STU1711,7.4,62.4,53.1,66.5,59.1,Pass,B
STU1712,5.8,81.0,49.3,68.1,53.1,Pass,B
STU1713,3.2,68.0,53.8,54.2,59.1,Pass,C
STU1714,7.3,58.7,51.1,75.9,62.1,Pass,B
STU1715,5.4,71.0,66.5,63.5,61.2,Pass,C
STU1716,7.2,58.2,75.4,79.9,62.5,Pass,B
STU1717,6.5,74.6,84.4,86.8,63.8,Pass,A
STU1718,6.4,77.2,78.4,77.3,59.8,Pass,B
STU1719,6.3,59.7,53.3,67.9,56.5,Pass,B
STU1720,5.5,68.6,58.4,63.8,44.3,Pass,B
STU1721,6.9,88.1,71.6,79.0,62.8,Pass,A
STU1722,3.7,49.3,46.3,44.3,50.0,Pass,C
STU1723,5.1,47.3,28.3,48.4,35.3,Fail,Fail
STU1724,7.5,87.5,58.6,74.9,65.3,Pass,B
STU1725,5.3,87.1,58.2,64.0,61.2,Pass,B
STU1726,6.9,66.5,61.3,40.4,47.5,Pass,B
STU1727,5.5,77.3,63.8,65.4,45.0,Pass,C
STU1728,7.2,82.9,72.7,68.3,63.2,Pass,B
STU1729,5.7,56.9,43.5,71.2,51.3,Pass,C
STU1730,6.9,57.2,32.1,59.7,47.9,Pass,C
STU1731,6.0,80.7,68.9,57.5,61.9,Pass,B
STU1732,4.5,75.1,39.5,49.8,51.3,Fail,Fail
STU1733,6.5,76.4,52.0,62.4,70.9,Pass,B
STU1734,3.7,46.0,35.5,44.0,35.8,Fail,Fail
STU1735,8.0,94.4,81.0,84.1,69.8,Pass,A
STU1736,5.0,67.1,66.2,74.6,60.1,Pass,B
STU1737,5.3,67.1,60.6,59.3,64.1,Pass,B
STU1738,6.1,79.2,73.6,75.9,79.5,Pass,A
STU1739,8.9,95.7,82.4,80.3,75.5,Pass,A+
STU1740,8.9,84.1,65.8,90.0,71.8,Pass,B
STU1741,3.7,56.5,27.4,42.9,40.9,Fail,Fail
STU1742,4.3,61.6,44.5,50.4,37.9,Fail,Fail
STU1743,5.3,63.2,52.9,56.4,51.3,Fail,Fail
STU1744,7.2,73.2,61.6,72.2,49.3,Pass,C
STU1745,5.7,49.5,60.8,82.4,45.7,Pass,C
STU1746,5.4,59.3,47.8,53.3,51.9,Fail,Fail
STU1747,7.2,71.7,47.6,71.7,57.9,Pass,C
STU1748,5.6,51.4,49.9,47.2,48.5,Pass,C
STU1749,5.5,66.4,60.8,50.1,52.0,Pass,C
STU1750,5.3,54.6,28.6,48.9,35.2,Fail,Fail
STU1751,2.2,76.2,42.1,52.7,51.4,Pass,C
STU1752,5.1,71.0,42.0,46.1,38.0,Fail,Fail
STU1753,4.2,55.8,54.1,47.5,55.9,Pass,C
STU1754,5.4,75.3,72.7,71.0,59.8,Pass,B
STU1755,5.4,59.5,40.9,49.0,46.0,Fail,Fail
STU1756,10.0,83.2,81.2,100.0,75.5,Pass,A
STU1757,6.5,73.8,68.1,59.7,67.9,Pass,B
STU1758,7.2,62.7,77.1,80.8,56.0,Pass,B
STU1759,6.6,50.7,49.1,52.5,42.3,Pass,C
STU1760,8.2,79.4,70.3,84.7,73.1,Pass,A
STU1761,6.9,68.9,53.6,51.5,53.3,Pass,B
STU1762,6.9,61.8,61.8,74.3,61.2,Pass,B
STU1763,8.9,95.3,89.3,100.0,79.0,Pass,A+
STU1764,4.3,61.5,64.3,62.0,45.7,Pass,B
STU1765,7.1,79.8,78.8,72.4,72.0,Pass,B
STU1766,4.3,69.6,49.6,54.5,49.8,Pass,C
STU1767,8.1,67.4,52.6,61.5,61.9,Pass,B
STU1768,7.9,86.7,95.7,87.3,78.1,Pass,A+
STU1769,5.4,58.2,55.2,64.9,51.3,Pass,B
STU1770,8.7,81.2,83.3,98.5,66.2,Pass,A
STU1771,6.9,72.0,77.6,75.3,78.6,Pass,A
STU1772,7.0,56.6,48.1,54.3,48.9,Pass,C
STU1773,6.1,71.6,64.0,77.1,69.5,Pass,C
STU1774,7.4,62.1,69.3,79.6,59.4,Pass,B
STU1775,6.0,68.7,56.9,53.0,65.9,Pass,C
STU1776,2.8,52.5,39.7,45.2,30.9,Fail,Fail
STU1777,4.5,59.7,36.3,52.7,52.5,Pass,C
STU1778,5.7,63.8,47.7,71.1,52.2,Pass,C
STU1779,5.5,66.8,44.4,54.0,57.2,Pass,C
STU1780,6.1,77.4,68.7,46.4,70.8,Pass,B
STU1781,4.8,77.3,61.6,65.5,53.3,Pass,B
STU1782,4.3,51.1,37.7,48.2,37.0,Fail,Fail
STU1783,5.0,60.3,58.4,52.5,62.7,Pass,C
STU1784,7.5,63.7,61.0,68.1,77.1,Pass,B
STU1785,6.8,68.2,71.6,95.3,62.1,Pass,A
STU1786,5.8,73.7,72.4,73.3,73.3,Pass,B
STU1787,6.7,67.9,74.7,81.7,64.7,Pass,A
STU1788,5.8,60.1,60.7,64.0,73.8,Pass,C
STU1789,6.2,63.3,60.2,48.1,44.0,Pass,C
STU1790,5.3,55.9,44.2,44.1,40.7,Fail,Fail
STU1791,4.6,76.9,70.5,63.2,52.7,Pass,B
STU1792,6.4,64.7,60.2,65.2,41.5,Pass,C
STU1793,6.2,66.5,65.9,67.5,62.2,Pass,B
STU1794,5.1,49.1,39.2,51.0,42.8,Fail,Fail
STU1795,4.9,58.8,43.8,49.1,44.0,Fail,Fail
STU1796,6.5,69.1,73.5,67.4,67.0,Pass,B
STU1797,5.6,72.8,58.3,67.3,80.5,Pass,B
STU1798,6.0,57.5,71.7,56.6,59.7,Pass,B
STU1799,7.1,65.0,53.5,52.2,61.1,Pass,C
STU1800,6.1,71.0,53.3,71.5,54.5,Pass,B
STU1801,9.0,77.4,64.4,87.9,70.9,Pass,B
STU1802,5.3,88.0,41.1,57.0,56.7,Pass,C
STU1803,5.4,71.9,52.9,53.0,57.0,Fail,Fail
STU1804,3.9,55.1,54.2,48.2,63.3,Pass,C
STU1805,3.7,63.6,47.2,51.4,61.2,Fail,Fail
STU1806,4.0,49.5,59.0,43.0,51.5,Fail,Fail
STU1807,6.5,69.1,63.6,62.9,44.1,Pass,C
STU1808,5.9,56.6,39.0,64.9,48.3,Pass,C
STU1809,5.9,86.6,83.4,89.3,92.9,Pass,A
STU1810,5.8,55.7,52.3,51.7,45.3,Fail,Fail
STU1811,5.3,65.4,50.2,67.0,63.4,Pass,B
STU1812,5.6,58.7,56.3,43.9,61.8,Fail,Fail
STU1813,9.3,95.6,75.7,95.4,79.5,Pass,A
STU1814,7.1,66.7,63.6,63.9,53.6,Pass,C
STU1815,7.0,93.0,66.6,81.3,56.5,Pass,B
STU1816,3.3,63.1,25.2,39.3,48.2,Fail,Fail
STU1817,4.2,74.5,61.3,73.0,56.3,Pass,C
STU1818,6.3,78.7,72.5,68.2,69.9,Pass,B
STU1819,5.9,72.2,58.5,70.6,51.0,Pass,B
STU1820,6.3,59.4,67.7,74.9,63.6,Pass,B
STU1821,5.2,61.2,49.4,55.9,51.9,Pass,B
STU1822,7.8,87.2,83.0,83.7,77.4,Pass,A+
STU1823,8.5,86.5,94.2,89.9,75.5,Pass,A
STU1824,4.9,52.4,55.8,57.8,59.2,Pass,C
STU1825,5.6,63.9,48.6,58.6,48.8,Pass,C
STU1826,8.2,95.3,90.0,88.8,66.2,Pass,A
STU1827,6.8,92.3,75.5,84.7,77.5,Pass,B
STU1828,6.8,63.1,55.6,68.3,52.3,Pass,B
STU1829,5.4,73.1,62.0,66.2,56.6,Pass,B
STU1830,5.7,62.4,59.1,52.7,63.6,Pass,C
STU1831,5.1,45.0,38.4,55.1,38.5,Fail,Fail
STU1832,5.1,52.1,42.5,43.2,44.9,Fail,Fail
STU1833,5.7,73.8,52.2,58.3,42.7,Pass,C
STU1834,5.4,59.2,38.5,60.1,54.6,Pass,C
STU1835,5.3,65.5,52.7,47.2,58.4,Pass,C
STU1836,6.6,67.2,60.7,70.0,57.0,Pass,C
STU1837,6.7,97.9,91.9,79.6,66.1,Pass,A
STU1838,4.9,74.4,47.7,45.1,60.7,Fail,Fail
STU1839,7.1,96.1,68.0,89.4,65.3,Pass,B
STU1840,5.5,64.8,54.6,56.0,51.1,Pass,C
STU1841,5.8,70.3,55.0,57.4,60.6,Pass,C
STU1842,4.9,59.9,65.2,69.4,53.7,Pass,C
STU1843,4.1,72.0,50.0,53.0,38.4,Pass,C
STU1844,6.6,60.6,56.1,69.7,44.7,Pass,C
STU1845,6.4,71.3,73.8,77.3,65.4,Pass,A
STU1846,5.6,62.2,73.2,73.2,57.2,Pass,B
STU1847,7.6,65.1,72.0,55.4,80.4,Pass,B
STU1848,7.9,79.7,91.8,91.0,75.0,Pass,A+
STU1849,6.2,57.3,49.4,54.4,43.1,Pass,B
STU1850,5.8,58.8,42.0,62.7,47.0,Fail,Fail
STU1851,4.6,57.9,47.0,33.3,51.6,Fail,Fail
STU1852,7.1,70.9,55.1,82.9,50.4,Pass,B
STU1853,4.0,52.8,59.5,56.6,52.7,Pass,C
STU1854,8.3,79.8,70.1,85.6,64.8,Pass,B
STU1855,8.7,90.7,78.7,97.5,66.8,Pass,A
STU1856,4.6,58.7,50.4,73.6,38.0,Pass,C
STU1857,6.4,54.7,37.7,64.4,31.6,Fail,Fail
STU1858,6.3,69.8,71.2,78.4,59.1,Pass,B
STU1859,5.6,74.1,46.6,59.0,52.4,Pass,C
STU1860,7.0,75.0,68.1,73.5,61.0,Pass,B
STU1861,6.1,64.9,59.9,63.6,67.8,Pass,B
STU1862,5.0,59.9,31.7,39.5,50.9,Pass,C
STU1863,8.7,70.8,83.2,83.9,70.3,Pass,A+
STU1864,6.4,88.9,85.4,74.3,66.8,Pass,A
STU1865,6.6,66.6,48.2,59.8,48.2,Pass,C
STU1866,3.9,62.0,49.1,41.2,48.8,Pass,C
STU1867,7.4,62.8,66.5,73.7,54.7,Pass,B
STU1868,7.5,62.8,76.6,72.7,54.8,Pass,B
STU1869,5.7,78.2,70.9,72.2,61.9,Pass,B
STU1870,8.0,95.6,97.1,87.9,80.3,Pass,A
STU1871,4.7,60.8,47.6,83.9,50.2,Pass,C
STU1872,4.8,65.5,49.1,63.9,51.6,Pass,C
STU1873,4.0,45.0,31.6,34.6,42.4,Fail,Fail
STU1874,5.9,56.7,38.7,58.9,42.2,Fail,Fail
STU1875,7.3,67.4,54.3,63.7,66.4,Pass,C
STU1876,9.5,74.6,95.3,86.2,68.9,Pass,A
STU1877,4.8,55.3,58.9,45.2,38.8,Pass,C
STU1878,6.1,63.8,65.1,71.1,61.6,Pass,B
STU1879,4.3,70.5,49.0,54.3,52.8,Pass,C
STU1880,6.6,76.1,76.5,87.0,73.0,Pass,B
STU1881,9.8,67.1,97.1,100.0,61.9,Pass,A+
STU1882,7.0,45.0,53.3,73.4,57.2,Pass,C
STU1883,4.2,58.5,39.8,47.6,55.9,Fail,Fail
STU1884,6.7,80.7,69.4,81.9,60.1,Pass,B
STU1885,6.8,48.9,69.8,79.6,49.0,Pass,B
STU1886,8.5,78.7,91.5,88.1,89.0,Pass,A
STU1887,5.9,68.1,53.4,64.7,58.1,Pass,C
STU1888,6.0,77.5,53.5,74.1,51.3,Pass,B
STU1889,6.2,69.4,69.9,73.6,47.8,Pass,B
STU1890,7.3,80.6,82.6,85.6,68.7,Pass,A
STU1891,7.5,76.0,77.2,71.5,65.8,Pass,A
STU1892,6.6,53.0,71.7,62.4,63.8,Pass,A
STU1893,6.8,83.7,70.4,74.0,61.7,Pass,B
STU1894,7.3,79.6,64.2,80.2,60.8,Pass,B
STU1895,7.6,84.0,78.0,75.8,77.6,Pass,A
STU1896,6.4,100.0,76.7,72.9,78.9,Pass,A
STU1897,5.5,47.9,67.2,48.2,40.5,Fail,Fail
STU1898,7.8,84.7,67.2,63.0,71.1,Pass,B
STU1899,8.0,75.4,81.1,89.0,71.0,Pass,A
STU1900,4.7,63.8,50.4,57.4,57.2,Fail,Fail
STU1901,7.1,70.6,61.6,69.0,61.5,Pass,B
STU1902,5.2,60.9,53.2,50.3,35.0,Fail,Fail
STU1903,7.2,63.1,72.1,60.7,56.0,Pass,B
STU1904,7.9,81.5,72.6,81.1,80.3,Pass,A
STU1905,6.1,55.9,74.2,72.5,50.4,Pass,B
STU1906,6.5,75.1,58.4,74.4,57.5,Pass,B
STU1907,2.8,53.0,48.9,37.1,40.8,Fail,Fail
STU1908,5.8,64.0,61.3,63.0,43.4,Pass,C
STU1909,5.6,69.3,73.8,72.7,75.8,Pass,B
STU1910,8.7,97.2,87.3,89.2,78.5,Pass,A
STU1911,7.4,60.6,45.5,61.8,56.9,Fail,Fail
STU1912,8.5,73.0,64.8,85.4,60.6,Pass,A
STU1913,6.9,63.5,70.8,76.9,67.9,Pass,B
STU1914,8.4,87.8,77.7,90.0,80.0,Pass,A+
STU1915,4.1,73.4,48.1,48.1,56.8,Pass,C
STU1916,5.8,86.9,63.5,69.0,59.0,Pass,B
STU1917,5.9,71.4,68.5,79.6,69.9,Pass,B
STU1918,5.6,75.6,66.6,62.8,48.5,Pass,B
STU1919,5.3,65.2,60.0,69.0,57.8,Pass,B
STU1920,5.8,81.3,62.5,76.8,55.4,Pass,B
STU1921,5.3,70.4,89.1,87.5,77.0,Pass,A
STU1922,5.5,66.2,46.2,55.2,49.4,Pass,C
STU1923,5.1,67.3,59.6,68.4,63.5,Pass,B
STU1924,5.4,61.6,38.2,67.2,50.7,Pass,C
STU1925,9.5,78.7,76.1,91.6,59.2,Pass,B
STU1926,3.3,57.7,34.8,36.9,35.7,Fail,Fail
STU1927,2.8,62.3,58.3,45.9,56.3,Pass,C
STU1928,6.2,73.0,68.9,71.5,63.8,Pass,B
STU1929,9.0,95.1,75.2,80.1,87.1,Pass,A
STU1930,7.9,76.3,60.2,68.9,62.3,Pass,B
STU1931,4.1,71.2,56.4,62.2,47.0,Pass,C
STU1932,8.8,79.4,98.9,75.6,72.2,Pass,A+
STU1933,3.8,48.1,44.5,55.5,40.7,Fail,Fail
STU1934,3.3,58.5,32.3,42.8,20.0,Fail,Fail
STU1935,9.2,79.5,67.0,75.5,76.5,Pass,A
STU1936,3.9,77.1,55.2,57.8,58.8,Pass,C
STU1937,5.0,54.1,53.4,51.3,53.9,Pass,C
STU1938,7.3,71.8,61.3,86.2,54.3,Pass,B
STU1939,7.4,55.3,61.2,79.6,65.7,Pass,B
STU1940,5.4,59.8,46.1,46.1,66.5,Fail,Fail
STU1941,4.8,66.4,43.4,52.7,36.8,Fail,Fail
STU1942,6.7,71.0,81.7,74.6,72.0,Pass,A
STU1943,7.0,79.1,65.6,75.5,66.6,Pass,A
STU1944,5.5,65.5,41.8,56.6,45.7,Pass,C
STU1945,8.8,86.2,84.8,100.0,82.6,Pass,A
STU1946,4.3,48.8,50.3,57.0,49.4,Pass,C
STU1947,4.5,56.2,40.9,38.6,37.1,Fail,Fail
STU1948,5.1,45.0,52.6,44.4,54.2,Pass,C
STU1949,7.1,65.9,57.4,64.7,45.4,Pass,C
STU1950,6.2,55.3,54.7,71.6,46.6,Pass,B
STU1951,3.9,76.9,60.0,58.1,59.0,Pass,C
STU1952,7.7,77.9,59.4,83.8,63.8,Pass,A
STU1953,3.6,61.9,56.5,51.0,40.2,Fail,Fail
STU1954,7.1,93.6,85.7,91.2,83.1,Pass,A
STU1955,5.3,58.8,54.7,64.7,58.7,Pass,C
STU1956,8.7,92.9,72.5,73.7,80.3,Pass,B
STU1957,4.3,79.2,64.5,61.9,63.0,Pass,B
STU1958,9.7,69.6,65.2,89.4,66.7,Pass,A
STU1959,7.7,82.9,76.4,75.7,63.7,Pass,A
STU1960,6.8,61.7,68.0,76.1,74.8,Pass,B
STU1961,6.7,65.9,64.5,71.3,57.6,Pass,B
STU1962,7.9,73.5,93.2,76.4,86.1,Pass,A
STU1963,6.8,64.9,63.3,68.5,59.2,Pass,B
STU1964,7.5,64.3,76.0,79.4,53.8,Pass,B
STU1965,6.4,78.3,54.4,60.0,69.3,Pass,B
STU1966,7.8,77.6,84.1,83.6,74.2,Pass,A
STU1967,5.0,65.6,52.0,47.4,57.3,Pass,C
STU1968,8.0,77.7,73.8,98.9,85.2,Pass,A
STU1969,5.8,51.3,73.5,61.6,55.8,Pass,B
STU1970,5.4,58.6,47.6,59.8,38.6,Pass,C
STU1971,6.7,51.8,59.1,80.7,61.9,Pass,C
STU1972,2.2,61.8,42.1,45.8,50.3,Fail,Fail
STU1973,7.7,62.6,75.0,70.9,69.0,Pass,A
STU1974,5.4,80.5,50.8,39.7,40.2,Pass,C
STU1975,5.4,72.5,55.8,46.7,58.2,Pass,B
STU1976,3.3,53.4,33.0,26.1,32.9,Fail,Fail
STU1977,6.6,75.6,56.8,73.1,67.4,Pass,B
STU1978,4.0,45.0,33.8,34.5,34.8,Fail,Fail
STU1979,3.3,59.8,40.2,43.4,43.4,Fail,Fail
STU1980,7.3,76.1,64.1,59.1,70.3,Pass,B
STU1981,6.0,76.9,81.3,63.7,60.3,Pass,B
STU1982,5.1,83.0,77.9,73.9,76.9,Pass,A
STU1983,4.2,66.6,67.6,51.7,62.9,Pass,C
STU1984,6.8,70.2,51.4,65.7,60.9,Pass,C
STU1985,6.9,53.1,61.6,72.2,65.4,Pass,C
STU1986,5.1,49.8,28.0,63.2,39.0,Fail,Fail
STU1987,8.5,79.3,86.4,86.5,68.8,Pass,A
STU1988,7.6,76.1,69.3,79.6,68.2,Pass,A
STU1989,5.1,56.0,70.1,61.5,56.1,Pass,C
STU1990,6.5,89.9,55.0,85.9,61.0,Pass,B
STU1991,7.1,83.4,51.3,53.7,67.5,Pass,B
STU1992,4.3,56.6,26.1,43.9,38.9,Fail,Fail
STU1993,6.9,66.6,42.5,64.2,48.4,Pass,C
STU1994,5.9,60.5,55.0,62.1,53.6,Pass,B
STU1995,5.1,51.2,30.5,46.5,50.8,Fail,Fail
STU1996,6.7,66.4,56.0,63.8,56.3,Pass,C
STU1997,8.1,85.2,72.4,95.9,86.5,Pass,A+
STU1998,5.9,62.1,67.4,96.3,53.8,Pass,B
STU1999,5.2,66.3,62.9,63.1,55.7,Pass,B
STU2000,5.9,71.3,71.1,63.9,55.8,Pass,B
